From,Package,License
cloud.google.com/go,cloud.google.com/go/compute/metadata,Apache-2.0
github.com/AlecAivazis/survey/v2,github.com/AlecAivazis/survey/v2,MIT
github.com/AlecAivazis/survey/v2,github.com/AlecAivazis/survey/v2/core,MIT
github.com/AlecAivazis/survey/v2,github.com/AlecAivazis/survey/v2/terminal,MIT
github.com/DataDog/datadog-go,github.com/DataDog/datadog-go/statsd,MIT
github.com/Microsoft/go-winio,github.com/Microsoft/go-winio,MIT
github.com/Microsoft/go-winio,github.com/Microsoft/go-winio/backuptar,MIT
github.com/Microsoft/go-winio,github.com/Microsoft/go-winio/pkg/guid,MIT
github.com/Microsoft/go-winio,github.com/Microsoft/go-winio/pkg/security,MIT
github.com/Microsoft/go-winio,github.com/Microsoft/go-winio/vhd,MIT
github.com/Microsoft/hcsshim,github.com/Microsoft/hcsshim,MIT
github.com/Microsoft/hcsshim,github.com/Microsoft/hcsshim/computestorage,MIT
github.com/Microsoft/hcsshim,github.com/Microsoft/hcsshim/internal/cow,MIT
github.com/Microsoft/hcsshim,github.com/Microsoft/hcsshim/internal/hcs,MIT
github.com/Microsoft/hcsshim,github.com/Microsoft/hcsshim/internal/hcs/schema1,MIT
github.com/Microsoft/hcsshim,github.com/Microsoft/hcsshim/internal/hcs/schema2,MIT
github.com/Microsoft/hcsshim,github.com/Microsoft/hcsshim/internal/hcserror,MIT
github.com/Microsoft/hcsshim,github.com/Microsoft/hcsshim/internal/hns,MIT
github.com/Microsoft/hcsshim,github.com/Microsoft/hcsshim/internal/interop,MIT
github.com/Microsoft/hcsshim,github.com/Microsoft/hcsshim/internal/log,MIT
github.com/Microsoft/hcsshim,github.com/Microsoft/hcsshim/internal/logfields,MIT
github.com/Microsoft/hcsshim,github.com/Microsoft/hcsshim/internal/longpath,MIT
github.com/Microsoft/hcsshim,github.com/Microsoft/hcsshim/internal/mergemaps,MIT
github.com/Microsoft/hcsshim,github.com/Microsoft/hcsshim/internal/oc,MIT
github.com/Microsoft/hcsshim,github.com/Microsoft/hcsshim/internal/safefile,MIT
github.com/Microsoft/hcsshim,github.com/Microsoft/hcsshim/internal/timeout,MIT
github.com/Microsoft/hcsshim,github.com/Microsoft/hcsshim/internal/vmcompute,MIT
github.com/Microsoft/hcsshim,github.com/Microsoft/hcsshim/internal/wclayer,MIT
github.com/Microsoft/hcsshim,github.com/Microsoft/hcsshim/internal/winapi,MIT
github.com/Microsoft/hcsshim,github.com/Microsoft/hcsshim/osversion,MIT
github.com/Microsoft/hcsshim,github.com/Microsoft/hcsshim/pkg/ociwclayer,MIT
github.com/avast/retry-go,github.com/avast/retry-go,MIT
github.com/beorn7/perks,github.com/beorn7/perks/quantile,MIT
github.com/bits-and-blooms/bitset,github.com/bits-and-blooms/bitset,BSD-3-Clause
github.com/cenkalti/backoff,github.com/cenkalti/backoff,MIT
github.com/cespare/xxhash/v2,github.com/cespare/xxhash/v2,MIT
github.com/containerd/cgroups,github.com/containerd/cgroups/stats/v1,Apache-2.0
github.com/containerd/containerd,github.com/containerd/containerd,Apache-2.0
github.com/containerd/containerd,github.com/containerd/containerd/api/services/containers/v1,Apache-2.0
github.com/containerd/containerd,github.com/containerd/containerd/api/services/content/v1,Apache-2.0
github.com/containerd/containerd,github.com/containerd/containerd/api/services/diff/v1,Apache-2.0
github.com/containerd/containerd,github.com/containerd/containerd/api/services/events/v1,Apache-2.0
github.com/containerd/containerd,github.com/containerd/containerd/api/services/images/v1,Apache-2.0
github.com/containerd/containerd,github.com/containerd/containerd/api/services/introspection/v1,Apache-2.0
github.com/containerd/containerd,github.com/containerd/containerd/api/services/leases/v1,Apache-2.0
github.com/containerd/containerd,github.com/containerd/containerd/api/services/namespaces/v1,Apache-2.0
github.com/containerd/containerd,github.com/containerd/containerd/api/services/snapshots/v1,Apache-2.0
github.com/containerd/containerd,github.com/containerd/containerd/api/services/tasks/v1,Apache-2.0
github.com/containerd/containerd,github.com/containerd/containerd/api/services/version/v1,Apache-2.0
github.com/containerd/containerd,github.com/containerd/containerd/api/types,Apache-2.0
github.com/containerd/containerd,github.com/containerd/containerd/api/types/task,Apache-2.0
github.com/containerd/containerd,github.com/containerd/containerd/archive,Apache-2.0
github.com/containerd/containerd,github.com/containerd/containerd/archive/compression,Apache-2.0
github.com/containerd/containerd,github.com/containerd/containerd/cio,Apache-2.0
github.com/containerd/containerd,github.com/containerd/containerd/containers,Apache-2.0
github.com/containerd/containerd,github.com/containerd/containerd/content,Apache-2.0
github.com/containerd/containerd,github.com/containerd/containerd/content/proxy,Apache-2.0
github.com/containerd/containerd,github.com/containerd/containerd/defaults,Apache-2.0
github.com/containerd/containerd,github.com/containerd/containerd/diff,Apache-2.0
github.com/containerd/containerd,github.com/containerd/containerd/errdefs,Apache-2.0
github.com/containerd/containerd,github.com/containerd/containerd/events,Apache-2.0
github.com/containerd/containerd,github.com/containerd/containerd/events/exchange,Apache-2.0
github.com/containerd/containerd,github.com/containerd/containerd/filters,Apache-2.0
github.com/containerd/containerd,github.com/containerd/containerd/identifiers,Apache-2.0
github.com/containerd/containerd,github.com/containerd/containerd/images,Apache-2.0
github.com/containerd/containerd,github.com/containerd/containerd/images/archive,Apache-2.0
github.com/containerd/containerd,github.com/containerd/containerd/labels,Apache-2.0
github.com/containerd/containerd,github.com/containerd/containerd/leases,Apache-2.0
github.com/containerd/containerd,github.com/containerd/containerd/leases/proxy,Apache-2.0
github.com/containerd/containerd,github.com/containerd/containerd/log,Apache-2.0
github.com/containerd/containerd,github.com/containerd/containerd/mount,Apache-2.0
github.com/containerd/containerd,github.com/containerd/containerd/namespaces,Apache-2.0
github.com/containerd/containerd,github.com/containerd/containerd/oci,Apache-2.0
github.com/containerd/containerd,github.com/containerd/containerd/pkg/cap,Apache-2.0
github.com/containerd/containerd,github.com/containerd/containerd/pkg/dialer,Apache-2.0
github.com/containerd/containerd,github.com/containerd/containerd/pkg/userns,Apache-2.0
github.com/containerd/containerd,github.com/containerd/containerd/platforms,Apache-2.0
github.com/containerd/containerd,github.com/containerd/containerd/plugin,Apache-2.0
github.com/containerd/containerd,github.com/containerd/containerd/reference,Apache-2.0
github.com/containerd/containerd,github.com/containerd/containerd/reference/docker,Apache-2.0
github.com/containerd/containerd,github.com/containerd/containerd/remotes,Apache-2.0
github.com/containerd/containerd,github.com/containerd/containerd/remotes/docker,Apache-2.0
github.com/containerd/containerd,github.com/containerd/containerd/remotes/docker/auth,Apache-2.0
github.com/containerd/containerd,github.com/containerd/containerd/remotes/docker/schema1,Apache-2.0
github.com/containerd/containerd,github.com/containerd/containerd/remotes/errors,Apache-2.0
github.com/containerd/containerd,github.com/containerd/containerd/rootfs,Apache-2.0
github.com/containerd/containerd,github.com/containerd/containerd/runtime/linux/runctypes,Apache-2.0
github.com/containerd/containerd,github.com/containerd/containerd/runtime/v2/runc/options,Apache-2.0
github.com/containerd/containerd,github.com/containerd/containerd/services,Apache-2.0
github.com/containerd/containerd,github.com/containerd/containerd/services/introspection,Apache-2.0
github.com/containerd/containerd,github.com/containerd/containerd/snapshots,Apache-2.0
github.com/containerd/containerd,github.com/containerd/containerd/snapshots/proxy,Apache-2.0
github.com/containerd/containerd,github.com/containerd/containerd/sys,Apache-2.0
github.com/containerd/containerd,github.com/containerd/containerd/version,Apache-2.0
github.com/containerd/continuity,github.com/containerd/continuity/fs,Apache-2.0
github.com/containerd/continuity,github.com/containerd/continuity/sysx,Apache-2.0
github.com/containerd/fifo,github.com/containerd/fifo,Apache-2.0
github.com/containerd/ttrpc,github.com/containerd/ttrpc,Apache-2.0
github.com/containerd/typeurl,github.com/containerd/typeurl,Apache-2.0
github.com/coreos/go-iptables,github.com/coreos/go-iptables/iptables,Apache-2.0
github.com/coreos/go-systemd/v22,github.com/coreos/go-systemd/v22/dbus,Apache-2.0
github.com/cyphar/filepath-securejoin,github.com/cyphar/filepath-securejoin,BSD-3-Clause
github.com/davecgh/go-spew,github.com/davecgh/go-spew/spew,ISC
github.com/docker/distribution,github.com/docker/distribution/digestset,Apache-2.0
github.com/docker/distribution,github.com/docker/distribution/reference,Apache-2.0
github.com/docker/distribution,github.com/docker/distribution/registry/api/errcode,Apache-2.0
github.com/docker/docker,github.com/docker/docker/api,Apache-2.0
github.com/docker/docker,github.com/docker/docker/api/types,Apache-2.0
github.com/docker/docker,github.com/docker/docker/api/types/blkiodev,Apache-2.0
github.com/docker/docker,github.com/docker/docker/api/types/container,Apache-2.0
github.com/docker/docker,github.com/docker/docker/api/types/events,Apache-2.0
github.com/docker/docker,github.com/docker/docker/api/types/filters,Apache-2.0
github.com/docker/docker,github.com/docker/docker/api/types/image,Apache-2.0
github.com/docker/docker,github.com/docker/docker/api/types/mount,Apache-2.0
github.com/docker/docker,github.com/docker/docker/api/types/network,Apache-2.0
github.com/docker/docker,github.com/docker/docker/api/types/registry,Apache-2.0
github.com/docker/docker,github.com/docker/docker/api/types/strslice,Apache-2.0
github.com/docker/docker,github.com/docker/docker/api/types/swarm,Apache-2.0
github.com/docker/docker,github.com/docker/docker/api/types/swarm/runtime,Apache-2.0
github.com/docker/docker,github.com/docker/docker/api/types/time,Apache-2.0
github.com/docker/docker,github.com/docker/docker/api/types/versions,Apache-2.0
github.com/docker/docker,github.com/docker/docker/api/types/volume,Apache-2.0
github.com/docker/docker,github.com/docker/docker/client,Apache-2.0
github.com/docker/docker,github.com/docker/docker/errdefs,Apache-2.0
github.com/docker/go-connections,github.com/docker/go-connections/nat,Apache-2.0
github.com/docker/go-connections,github.com/docker/go-connections/sockets,Apache-2.0
github.com/docker/go-connections,github.com/docker/go-connections/tlsconfig,Apache-2.0
github.com/docker/go-events,github.com/docker/go-events,Apache-2.0
github.com/docker/go-units,github.com/docker/go-units,Apache-2.0
github.com/evanphx/json-patch,github.com/evanphx/json-patch,BSD-3-Clause
github.com/fsnotify/fsnotify,github.com/fsnotify/fsnotify,BSD-3-Clause
github.com/ghodss/yaml,github.com/ghodss/yaml,MIT
github.com/go-logr/logr,github.com/go-logr/logr,Apache-2.0
github.com/godbus/dbus/v5,github.com/godbus/dbus/v5,BSD-2-Clause
github.com/gogo/googleapis,github.com/gogo/googleapis/google/rpc,Apache-2.0
github.com/gogo/protobuf,github.com/gogo/protobuf/gogoproto,BSD-3-Clause
github.com/gogo/protobuf,github.com/gogo/protobuf/proto,BSD-3-Clause
github.com/gogo/protobuf,github.com/gogo/protobuf/protoc-gen-gogo/descriptor,BSD-3-Clause
github.com/gogo/protobuf,github.com/gogo/protobuf/sortkeys,BSD-3-Clause
github.com/gogo/protobuf,github.com/gogo/protobuf/types,BSD-3-Clause
github.com/golang/groupcache,github.com/golang/groupcache/lru,Apache-2.0
github.com/golang/protobuf,github.com/golang/protobuf/proto,BSD-3-Clause
github.com/golang/protobuf,github.com/golang/protobuf/ptypes,BSD-3-Clause
github.com/golang/protobuf,github.com/golang/protobuf/ptypes/any,BSD-3-Clause
github.com/golang/protobuf,github.com/golang/protobuf/ptypes/duration,BSD-3-Clause
github.com/golang/protobuf,github.com/golang/protobuf/ptypes/timestamp,BSD-3-Clause
github.com/google/go-cmp,github.com/google/go-cmp/cmp,BSD-3-Clause
github.com/google/go-cmp,github.com/google/go-cmp/cmp/internal/diff,BSD-3-Clause
github.com/google/go-cmp,github.com/google/go-cmp/cmp/internal/flags,BSD-3-Clause
github.com/google/go-cmp,github.com/google/go-cmp/cmp/internal/function,BSD-3-Clause
github.com/google/go-cmp,github.com/google/go-cmp/cmp/internal/value,BSD-3-Clause
github.com/google/gofuzz,github.com/google/gofuzz,Apache-2.0
github.com/google/uuid,github.com/google/uuid,BSD-3-Clause
github.com/googleapis/gnostic,github.com/googleapis/gnostic/compiler,Apache-2.0
github.com/googleapis/gnostic,github.com/googleapis/gnostic/extensions,Apache-2.0
github.com/googleapis/gnostic,github.com/googleapis/gnostic/jsonschema,Apache-2.0
github.com/googleapis/gnostic,github.com/googleapis/gnostic/openapiv2,Apache-2.0
github.com/gorilla/websocket,github.com/gorilla/websocket,BSD-2-Clause
github.com/hashicorp/errwrap,github.com/hashicorp/errwrap,MPL-2.0
github.com/hashicorp/go-multierror,github.com/hashicorp/go-multierror,MPL-2.0
github.com/hashicorp/golang-lru,github.com/hashicorp/golang-lru,MPL-2.0
github.com/hashicorp/golang-lru,github.com/hashicorp/golang-lru/simplelru,MPL-2.0
github.com/hashicorp/hcl,github.com/hashicorp/hcl,MPL-2.0
github.com/hashicorp/hcl,github.com/hashicorp/hcl/hcl/ast,MPL-2.0
github.com/hashicorp/hcl,github.com/hashicorp/hcl/hcl/parser,MPL-2.0
github.com/hashicorp/hcl,github.com/hashicorp/hcl/hcl/printer,MPL-2.0
github.com/hashicorp/hcl,github.com/hashicorp/hcl/hcl/scanner,MPL-2.0
github.com/hashicorp/hcl,github.com/hashicorp/hcl/hcl/strconv,MPL-2.0
github.com/hashicorp/hcl,github.com/hashicorp/hcl/hcl/token,MPL-2.0
github.com/hashicorp/hcl,github.com/hashicorp/hcl/json/parser,MPL-2.0
github.com/hashicorp/hcl,github.com/hashicorp/hcl/json/scanner,MPL-2.0
github.com/hashicorp/hcl,github.com/hashicorp/hcl/json/token,MPL-2.0
github.com/imdario/mergo,github.com/imdario/mergo,BSD-3-Clause
github.com/inconshreveable/mousetrap,github.com/inconshreveable/mousetrap,Apache-2.0
github.com/json-iterator/go,github.com/json-iterator/go,MIT
github.com/kballard/go-shellquote,github.com/kballard/go-shellquote,MIT
github.com/klauspost/compress,github.com/klauspost/compress/fse,BSD-3-Clause
github.com/klauspost/compress,github.com/klauspost/compress/huff0,BSD-3-Clause
github.com/klauspost/compress,github.com/klauspost/compress/snappy,BSD-3-Clause
github.com/klauspost/compress,github.com/klauspost/compress/zstd,BSD-3-Clause
github.com/klauspost/compress,github.com/klauspost/compress/zstd/internal/xxhash,BSD-3-Clause
github.com/magiconair/properties,github.com/magiconair/properties,BSD-2-Clause
github.com/mattn/go-colorable,github.com/mattn/go-colorable,MIT
github.com/mattn/go-isatty,github.com/mattn/go-isatty,MIT
github.com/matttproud/golang_protobuf_extensions,github.com/matttproud/golang_protobuf_extensions/pbutil,Apache-2.0
github.com/mgutz/ansi,github.com/mgutz/ansi,MIT
github.com/miekg/dns,github.com/miekg/dns,BSD-3-Clause
github.com/mitchellh/go-homedir,github.com/mitchellh/go-homedir,MIT
github.com/mitchellh/mapstructure,github.com/mitchellh/mapstructure,MIT
github.com/moby/locker,github.com/moby/locker,Apache-2.0
github.com/moby/sys/mountinfo,github.com/moby/sys/mountinfo,Apache-2.0
github.com/modern-go/concurrent,github.com/modern-go/concurrent,Apache-2.0
github.com/modern-go/reflect2,github.com/modern-go/reflect2,Apache-2.0
github.com/nxadm/tail,github.com/nxadm/tail,MIT
github.com/nxadm/tail,github.com/nxadm/tail/ratelimiter,MIT
github.com/nxadm/tail,github.com/nxadm/tail/util,MIT
github.com/nxadm/tail,github.com/nxadm/tail/watch,MIT
github.com/nxadm/tail,github.com/nxadm/tail/winfile,MIT
github.com/onsi/ginkgo,github.com/onsi/ginkgo,MIT
github.com/onsi/ginkgo,github.com/onsi/ginkgo/config,MIT
github.com/onsi/ginkgo,github.com/onsi/ginkgo/formatter,MIT
github.com/onsi/ginkgo,github.com/onsi/ginkgo/internal/codelocation,MIT
github.com/onsi/ginkgo,github.com/onsi/ginkgo/internal/containernode,MIT
github.com/onsi/ginkgo,github.com/onsi/ginkgo/internal/failer,MIT
github.com/onsi/ginkgo,github.com/onsi/ginkgo/internal/global,MIT
github.com/onsi/ginkgo,github.com/onsi/ginkgo/internal/leafnodes,MIT
github.com/onsi/ginkgo,github.com/onsi/ginkgo/internal/remote,MIT
github.com/onsi/ginkgo,github.com/onsi/ginkgo/internal/spec,MIT
github.com/onsi/ginkgo,github.com/onsi/ginkgo/internal/spec_iterator,MIT
github.com/onsi/ginkgo,github.com/onsi/ginkgo/internal/specrunner,MIT
github.com/onsi/ginkgo,github.com/onsi/ginkgo/internal/suite,MIT
github.com/onsi/ginkgo,github.com/onsi/ginkgo/internal/testingtproxy,MIT
github.com/onsi/ginkgo,github.com/onsi/ginkgo/internal/writer,MIT
github.com/onsi/ginkgo,github.com/onsi/ginkgo/reporters,MIT
github.com/onsi/ginkgo,github.com/onsi/ginkgo/reporters/stenographer,MIT
github.com/onsi/ginkgo,github.com/onsi/ginkgo/reporters/stenographer/support/go-colorable,MIT
github.com/onsi/ginkgo,github.com/onsi/ginkgo/reporters/stenographer/support/go-isatty,MIT
github.com/onsi/ginkgo,github.com/onsi/ginkgo/types,MIT
github.com/onsi/gomega,github.com/onsi/gomega,MIT
github.com/onsi/gomega,github.com/onsi/gomega/format,MIT
github.com/onsi/gomega,github.com/onsi/gomega/gbytes,MIT
github.com/onsi/gomega,github.com/onsi/gomega/gexec,MIT
github.com/onsi/gomega,github.com/onsi/gomega/internal/assertion,MIT
github.com/onsi/gomega,github.com/onsi/gomega/internal/asyncassertion,MIT
github.com/onsi/gomega,github.com/onsi/gomega/internal/defaults,MIT
github.com/onsi/gomega,github.com/onsi/gomega/internal/oraclematcher,MIT
github.com/onsi/gomega,github.com/onsi/gomega/internal/testingtsupport,MIT
github.com/onsi/gomega,github.com/onsi/gomega/matchers,MIT
github.com/onsi/gomega,github.com/onsi/gomega/matchers/support/goraph/bipartitegraph,MIT
github.com/onsi/gomega,github.com/onsi/gomega/matchers/support/goraph/edge,MIT
github.com/onsi/gomega,github.com/onsi/gomega/matchers/support/goraph/node,MIT
github.com/onsi/gomega,github.com/onsi/gomega/matchers/support/goraph/util,MIT
github.com/onsi/gomega,github.com/onsi/gomega/types,MIT
github.com/opencontainers/go-digest,github.com/opencontainers/go-digest,Apache-2.0
github.com/opencontainers/image-spec,github.com/opencontainers/image-spec/identity,Apache-2.0
github.com/opencontainers/image-spec,github.com/opencontainers/image-spec/specs-go,Apache-2.0
github.com/opencontainers/image-spec,github.com/opencontainers/image-spec/specs-go/v1,Apache-2.0
github.com/opencontainers/runc,github.com/opencontainers/runc/libcontainer/cgroups,Apache-2.0
github.com/opencontainers/runc,github.com/opencontainers/runc/libcontainer/configs,Apache-2.0
github.com/opencontainers/runc,github.com/opencontainers/runc/libcontainer/devices,Apache-2.0
github.com/opencontainers/runc,github.com/opencontainers/runc/libcontainer/user,Apache-2.0
github.com/opencontainers/runc,github.com/opencontainers/runc/libcontainer/userns,Apache-2.0
github.com/opencontainers/runtime-spec,github.com/opencontainers/runtime-spec/specs-go,Apache-2.0
github.com/opencontainers/selinux,github.com/opencontainers/selinux/go-selinux,Apache-2.0
github.com/opencontainers/selinux,github.com/opencontainers/selinux/go-selinux/label,Apache-2.0
github.com/opencontainers/selinux,github.com/opencontainers/selinux/pkg/pwalk,Apache-2.0
github.com/pelletier/go-toml,github.com/pelletier/go-toml,Apache-2.0
github.com/pkg/errors,github.com/pkg/errors,BSD-2-Clause
github.com/pmezard/go-difflib,github.com/pmezard/go-difflib/difflib,BSD-3-Clause
github.com/prometheus/client_golang,github.com/prometheus/client_golang/prometheus,Apache-2.0
github.com/prometheus/client_golang,github.com/prometheus/client_golang/prometheus/internal,Apache-2.0
github.com/prometheus/client_golang,github.com/prometheus/client_golang/prometheus/promhttp,Apache-2.0
github.com/prometheus/client_model,github.com/prometheus/client_model/go,Apache-2.0
github.com/prometheus/common,github.com/prometheus/common/expfmt,Apache-2.0
github.com/prometheus/common,github.com/prometheus/common/internal/bitbucket.org/ww/goautoneg,Apache-2.0
github.com/prometheus/common,github.com/prometheus/common/model,Apache-2.0
github.com/prometheus/procfs,github.com/prometheus/procfs,Apache-2.0
github.com/prometheus/procfs,github.com/prometheus/procfs/internal/fs,Apache-2.0
github.com/prometheus/procfs,github.com/prometheus/procfs/internal/util,Apache-2.0
github.com/sirupsen/logrus,github.com/sirupsen/logrus,MIT
github.com/slack-go/slack,github.com/slack-go/slack,BSD-2-Clause
github.com/slack-go/slack,github.com/slack-go/slack/internal/backoff,BSD-2-Clause
github.com/slack-go/slack,github.com/slack-go/slack/internal/errorsx,BSD-2-Clause
github.com/slack-go/slack,github.com/slack-go/slack/internal/misc,BSD-2-Clause
github.com/slack-go/slack,github.com/slack-go/slack/internal/timex,BSD-2-Clause
github.com/slack-go/slack,github.com/slack-go/slack/slackutilsx,BSD-2-Clause
github.com/spf13/afero,github.com/spf13/afero,Apache-2.0
github.com/spf13/afero,github.com/spf13/afero/mem,Apache-2.0
github.com/spf13/cast,github.com/spf13/cast,MIT
github.com/spf13/cobra,github.com/spf13/cobra,Apache-2.0
github.com/spf13/jwalterweatherman,github.com/spf13/jwalterweatherman,MIT
github.com/spf13/pflag,github.com/spf13/pflag,BSD-3-Clause
github.com/spf13/viper,github.com/spf13/viper,MIT
github.com/stretchr/objx,github.com/stretchr/objx,MIT
github.com/stretchr/testify,github.com/stretchr/testify/assert,MIT
github.com/stretchr/testify,github.com/stretchr/testify/mock,MIT
github.com/subosito/gotenv,github.com/subosito/gotenv,MIT
github.com/vishvananda/netlink,github.com/vishvananda/netlink,Apache-2.0
github.com/vishvananda/netlink,github.com/vishvananda/netlink/nl,Apache-2.0
github.com/vishvananda/netns,github.com/vishvananda/netns,Apache-2.0
go.opencensus.io,go.opencensus.io,Apache-2.0
go.opencensus.io,go.opencensus.io/internal,Apache-2.0
go.opencensus.io,go.opencensus.io/trace,Apache-2.0
go.opencensus.io,go.opencensus.io/trace/internal,Apache-2.0
go.opencensus.io,go.opencensus.io/trace/tracestate,Apache-2.0
go.uber.org/atomic,go.uber.org/atomic,MIT
go.uber.org/multierr,go.uber.org/multierr,MIT
go.uber.org/zap,go.uber.org/zap,MIT
go.uber.org/zap,go.uber.org/zap/buffer,MIT
go.uber.org/zap,go.uber.org/zap/internal/bufferpool,MIT
go.uber.org/zap,go.uber.org/zap/internal/color,MIT
go.uber.org/zap,go.uber.org/zap/internal/exit,MIT
go.uber.org/zap,go.uber.org/zap/zapcore,MIT
golang.org/x/crypto,golang.org/x/crypto/ed25519,BSD-3-Clause
golang.org/x/crypto,golang.org/x/crypto/ed25519/internal/edwards25519,BSD-3-Clause
golang.org/x/crypto,golang.org/x/crypto/ssh/terminal,BSD-3-Clause
golang.org/x/mod,golang.org/x/mod/semver,BSD-3-Clause
golang.org/x/net,golang.org/x/net/bpf,BSD-3-Clause
golang.org/x/net,golang.org/x/net/context,BSD-3-Clause
golang.org/x/net,golang.org/x/net/context/ctxhttp,BSD-3-Clause
golang.org/x/net,golang.org/x/net/html,BSD-3-Clause
golang.org/x/net,golang.org/x/net/html/atom,BSD-3-Clause
golang.org/x/net,golang.org/x/net/html/charset,BSD-3-Clause
golang.org/x/net,golang.org/x/net/http/httpguts,BSD-3-Clause
golang.org/x/net,golang.org/x/net/http2,BSD-3-Clause
golang.org/x/net,golang.org/x/net/http2/hpack,BSD-3-Clause
golang.org/x/net,golang.org/x/net/idna,BSD-3-Clause
golang.org/x/net,golang.org/x/net/internal/iana,BSD-3-Clause
golang.org/x/net,golang.org/x/net/internal/socket,BSD-3-Clause
golang.org/x/net,golang.org/x/net/internal/socks,BSD-3-Clause
golang.org/x/net,golang.org/x/net/internal/timeseries,BSD-3-Clause
golang.org/x/net,golang.org/x/net/ipv4,BSD-3-Clause
golang.org/x/net,golang.org/x/net/ipv6,BSD-3-Clause
golang.org/x/net,golang.org/x/net/proxy,BSD-3-Clause
golang.org/x/net,golang.org/x/net/trace,BSD-3-Clause
golang.org/x/oauth2,golang.org/x/oauth2,BSD-3-Clause
golang.org/x/oauth2,golang.org/x/oauth2/google,BSD-3-Clause
golang.org/x/oauth2,golang.org/x/oauth2/google/internal/externalaccount,BSD-3-Clause
golang.org/x/oauth2,golang.org/x/oauth2/internal,BSD-3-Clause
golang.org/x/oauth2,golang.org/x/oauth2/jws,BSD-3-Clause
golang.org/x/oauth2,golang.org/x/oauth2/jwt,BSD-3-Clause
golang.org/x/sync,golang.org/x/sync/errgroup,BSD-3-Clause
golang.org/x/sync,golang.org/x/sync/semaphore,BSD-3-Clause
golang.org/x/sys,golang.org/x/sys/execabs,BSD-3-Clause
golang.org/x/sys,golang.org/x/sys/internal/unsafeheader,BSD-3-Clause
golang.org/x/sys,golang.org/x/sys/plan9,BSD-3-Clause
golang.org/x/sys,golang.org/x/sys/unix,BSD-3-Clause
golang.org/x/sys,golang.org/x/sys/windows,BSD-3-Clause
golang.org/x/term,golang.org/x/term,BSD-3-Clause
golang.org/x/text,golang.org/x/text/encoding,BSD-3-Clause
golang.org/x/text,golang.org/x/text/encoding/charmap,BSD-3-Clause
golang.org/x/text,golang.org/x/text/encoding/htmlindex,BSD-3-Clause
golang.org/x/text,golang.org/x/text/encoding/internal,BSD-3-Clause
golang.org/x/text,golang.org/x/text/encoding/internal/identifier,BSD-3-Clause
golang.org/x/text,golang.org/x/text/encoding/japanese,BSD-3-Clause
golang.org/x/text,golang.org/x/text/encoding/korean,BSD-3-Clause
golang.org/x/text,golang.org/x/text/encoding/simplifiedchinese,BSD-3-Clause
golang.org/x/text,golang.org/x/text/encoding/traditionalchinese,BSD-3-Clause
golang.org/x/text,golang.org/x/text/encoding/unicode,BSD-3-Clause
golang.org/x/text,golang.org/x/text/internal/language,BSD-3-Clause
golang.org/x/text,golang.org/x/text/internal/language/compact,BSD-3-Clause
golang.org/x/text,golang.org/x/text/internal/tag,BSD-3-Clause
golang.org/x/text,golang.org/x/text/internal/utf8internal,BSD-3-Clause
golang.org/x/text,golang.org/x/text/language,BSD-3-Clause
golang.org/x/text,golang.org/x/text/runes,BSD-3-Clause
golang.org/x/text,golang.org/x/text/secure/bidirule,BSD-3-Clause
golang.org/x/text,golang.org/x/text/transform,BSD-3-Clause
golang.org/x/text,golang.org/x/text/unicode/bidi,BSD-3-Clause
golang.org/x/text,golang.org/x/text/unicode/norm,BSD-3-Clause
golang.org/x/text,golang.org/x/text/width,BSD-3-Clause
golang.org/x/time,golang.org/x/time/rate,BSD-3-Clause
golang.org/x/tools,golang.org/x/tools/go/gcexportdata,BSD-3-Clause
golang.org/x/tools,golang.org/x/tools/go/internal/gcimporter,BSD-3-Clause
golang.org/x/tools,golang.org/x/tools/go/internal/packagesdriver,BSD-3-Clause
golang.org/x/tools,golang.org/x/tools/go/packages,BSD-3-Clause
golang.org/x/tools,golang.org/x/tools/internal/event,BSD-3-Clause
golang.org/x/tools,golang.org/x/tools/internal/event/core,BSD-3-Clause
golang.org/x/tools,golang.org/x/tools/internal/event/keys,BSD-3-Clause
golang.org/x/tools,golang.org/x/tools/internal/event/label,BSD-3-Clause
golang.org/x/tools,golang.org/x/tools/internal/gocommand,BSD-3-Clause
golang.org/x/tools,golang.org/x/tools/internal/packagesinternal,BSD-3-Clause
golang.org/x/tools,golang.org/x/tools/internal/typesinternal,BSD-3-Clause
golang.org/x/xerrors,golang.org/x/xerrors,BSD-3-Clause
golang.org/x/xerrors,golang.org/x/xerrors/internal,BSD-3-Clause
gomodules.xyz/jsonpatch/v2,gomodules.xyz/jsonpatch/v2,Apache-2.0
google.golang.org/appengine,google.golang.org/appengine,Apache-2.0
google.golang.org/appengine,google.golang.org/appengine/internal,Apache-2.0
google.golang.org/appengine,google.golang.org/appengine/internal/app_identity,Apache-2.0
google.golang.org/appengine,google.golang.org/appengine/internal/base,Apache-2.0
google.golang.org/appengine,google.golang.org/appengine/internal/datastore,Apache-2.0
google.golang.org/appengine,google.golang.org/appengine/internal/log,Apache-2.0
google.golang.org/appengine,google.golang.org/appengine/internal/modules,Apache-2.0
google.golang.org/appengine,google.golang.org/appengine/internal/remote_api,Apache-2.0
google.golang.org/appengine,google.golang.org/appengine/internal/urlfetch,Apache-2.0
google.golang.org/appengine,google.golang.org/appengine/urlfetch,Apache-2.0
google.golang.org/genproto,google.golang.org/genproto/googleapis/rpc/status,Apache-2.0
google.golang.org/grpc,google.golang.org/grpc,Apache-2.0
google.golang.org/grpc,google.golang.org/grpc/attributes,Apache-2.0
google.golang.org/grpc,google.golang.org/grpc/backoff,Apache-2.0
google.golang.org/grpc,google.golang.org/grpc/balancer,Apache-2.0
google.golang.org/grpc,google.golang.org/grpc/balancer/base,Apache-2.0
google.golang.org/grpc,google.golang.org/grpc/balancer/grpclb/state,Apache-2.0
google.golang.org/grpc,google.golang.org/grpc/balancer/roundrobin,Apache-2.0
google.golang.org/grpc,google.golang.org/grpc/binarylog/grpc_binarylog_v1,Apache-2.0
google.golang.org/grpc,google.golang.org/grpc/codes,Apache-2.0
google.golang.org/grpc,google.golang.org/grpc/connectivity,Apache-2.0
google.golang.org/grpc,google.golang.org/grpc/credentials,Apache-2.0
google.golang.org/grpc,google.golang.org/grpc/encoding,Apache-2.0
google.golang.org/grpc,google.golang.org/grpc/encoding/proto,Apache-2.0
google.golang.org/grpc,google.golang.org/grpc/grpclog,Apache-2.0
google.golang.org/grpc,google.golang.org/grpc/health/grpc_health_v1,Apache-2.0
google.golang.org/grpc,google.golang.org/grpc/internal,Apache-2.0
google.golang.org/grpc,google.golang.org/grpc/internal/backoff,Apache-2.0
google.golang.org/grpc,google.golang.org/grpc/internal/balancerload,Apache-2.0
google.golang.org/grpc,google.golang.org/grpc/internal/binarylog,Apache-2.0
google.golang.org/grpc,google.golang.org/grpc/internal/buffer,Apache-2.0
google.golang.org/grpc,google.golang.org/grpc/internal/channelz,Apache-2.0
google.golang.org/grpc,google.golang.org/grpc/internal/credentials,Apache-2.0
google.golang.org/grpc,google.golang.org/grpc/internal/envconfig,Apache-2.0
google.golang.org/grpc,google.golang.org/grpc/internal/grpclog,Apache-2.0
google.golang.org/grpc,google.golang.org/grpc/internal/grpcrand,Apache-2.0
google.golang.org/grpc,google.golang.org/grpc/internal/grpcsync,Apache-2.0
google.golang.org/grpc,google.golang.org/grpc/internal/grpcutil,Apache-2.0
google.golang.org/grpc,google.golang.org/grpc/internal/metadata,Apache-2.0
google.golang.org/grpc,google.golang.org/grpc/internal/resolver,Apache-2.0
google.golang.org/grpc,google.golang.org/grpc/internal/resolver/dns,Apache-2.0
google.golang.org/grpc,google.golang.org/grpc/internal/resolver/passthrough,Apache-2.0
google.golang.org/grpc,google.golang.org/grpc/internal/resolver/unix,Apache-2.0
google.golang.org/grpc,google.golang.org/grpc/internal/serviceconfig,Apache-2.0
google.golang.org/grpc,google.golang.org/grpc/internal/status,Apache-2.0
google.golang.org/grpc,google.golang.org/grpc/internal/syscall,Apache-2.0
google.golang.org/grpc,google.golang.org/grpc/internal/transport,Apache-2.0
google.golang.org/grpc,google.golang.org/grpc/internal/transport/networktype,Apache-2.0
google.golang.org/grpc,google.golang.org/grpc/keepalive,Apache-2.0
google.golang.org/grpc,google.golang.org/grpc/metadata,Apache-2.0
google.golang.org/grpc,google.golang.org/grpc/peer,Apache-2.0
google.golang.org/grpc,google.golang.org/grpc/resolver,Apache-2.0
google.golang.org/grpc,google.golang.org/grpc/serviceconfig,Apache-2.0
google.golang.org/grpc,google.golang.org/grpc/stats,Apache-2.0
google.golang.org/grpc,google.golang.org/grpc/status,Apache-2.0
google.golang.org/grpc,google.golang.org/grpc/tap,Apache-2.0
google.golang.org/protobuf,google.golang.org/protobuf/encoding/prototext,BSD-3-Clause
google.golang.org/protobuf,google.golang.org/protobuf/encoding/protowire,BSD-3-Clause
google.golang.org/protobuf,google.golang.org/protobuf/internal/descfmt,BSD-3-Clause
google.golang.org/protobuf,google.golang.org/protobuf/internal/descopts,BSD-3-Clause
google.golang.org/protobuf,google.golang.org/protobuf/internal/detrand,BSD-3-Clause
google.golang.org/protobuf,google.golang.org/protobuf/internal/encoding/defval,BSD-3-Clause
google.golang.org/protobuf,google.golang.org/protobuf/internal/encoding/messageset,BSD-3-Clause
google.golang.org/protobuf,google.golang.org/protobuf/internal/encoding/tag,BSD-3-Clause
google.golang.org/protobuf,google.golang.org/protobuf/internal/encoding/text,BSD-3-Clause
google.golang.org/protobuf,google.golang.org/protobuf/internal/errors,BSD-3-Clause
google.golang.org/protobuf,google.golang.org/protobuf/internal/filedesc,BSD-3-Clause
google.golang.org/protobuf,google.golang.org/protobuf/internal/filetype,BSD-3-Clause
google.golang.org/protobuf,google.golang.org/protobuf/internal/flags,BSD-3-Clause
google.golang.org/protobuf,google.golang.org/protobuf/internal/genid,BSD-3-Clause
google.golang.org/protobuf,google.golang.org/protobuf/internal/impl,BSD-3-Clause
google.golang.org/protobuf,google.golang.org/protobuf/internal/order,BSD-3-Clause
google.golang.org/protobuf,google.golang.org/protobuf/internal/pragma,BSD-3-Clause
google.golang.org/protobuf,google.golang.org/protobuf/internal/set,BSD-3-Clause
google.golang.org/protobuf,google.golang.org/protobuf/internal/strs,BSD-3-Clause
google.golang.org/protobuf,google.golang.org/protobuf/internal/version,BSD-3-Clause
google.golang.org/protobuf,google.golang.org/protobuf/proto,BSD-3-Clause
google.golang.org/protobuf,google.golang.org/protobuf/reflect/protodesc,BSD-3-Clause
google.golang.org/protobuf,google.golang.org/protobuf/reflect/protoreflect,BSD-3-Clause
google.golang.org/protobuf,google.golang.org/protobuf/reflect/protoregistry,BSD-3-Clause
google.golang.org/protobuf,google.golang.org/protobuf/runtime/protoiface,BSD-3-Clause
google.golang.org/protobuf,google.golang.org/protobuf/runtime/protoimpl,BSD-3-Clause
google.golang.org/protobuf,google.golang.org/protobuf/types/descriptorpb,BSD-3-Clause
google.golang.org/protobuf,google.golang.org/protobuf/types/known/anypb,BSD-3-Clause
google.golang.org/protobuf,google.golang.org/protobuf/types/known/durationpb,BSD-3-Clause
google.golang.org/protobuf,google.golang.org/protobuf/types/known/emptypb,BSD-3-Clause
google.golang.org/protobuf,google.golang.org/protobuf/types/known/timestamppb,BSD-3-Clause
gopkg.in/inf.v0,gopkg.in/inf.v0,BSD-3-Clause
gopkg.in/ini.v1,gopkg.in/ini.v1,Apache-2.0
gopkg.in/tomb.v1,gopkg.in/tomb.v1,BSD-3-Clause
gopkg.in/yaml.v2,gopkg.in/yaml.v2,Apache-2.0
gopkg.in/yaml.v3,gopkg.in/yaml.v3,Apache-2.0
k8s.io/api,k8s.io/api/admission/v1,Apache-2.0
k8s.io/api,k8s.io/api/admission/v1beta1,Apache-2.0
k8s.io/api,k8s.io/api/admissionregistration/v1,Apache-2.0
k8s.io/api,k8s.io/api/admissionregistration/v1beta1,Apache-2.0
k8s.io/api,k8s.io/api/apiserverinternal/v1alpha1,Apache-2.0
k8s.io/api,k8s.io/api/apps/v1,Apache-2.0
k8s.io/api,k8s.io/api/apps/v1beta1,Apache-2.0
k8s.io/api,k8s.io/api/apps/v1beta2,Apache-2.0
k8s.io/api,k8s.io/api/authentication/v1,Apache-2.0
k8s.io/api,k8s.io/api/authentication/v1beta1,Apache-2.0
k8s.io/api,k8s.io/api/authorization/v1,Apache-2.0
k8s.io/api,k8s.io/api/authorization/v1beta1,Apache-2.0
k8s.io/api,k8s.io/api/autoscaling/v1,Apache-2.0
k8s.io/api,k8s.io/api/autoscaling/v2beta1,Apache-2.0
k8s.io/api,k8s.io/api/autoscaling/v2beta2,Apache-2.0
k8s.io/api,k8s.io/api/batch/v1,Apache-2.0
k8s.io/api,k8s.io/api/batch/v1beta1,Apache-2.0
k8s.io/api,k8s.io/api/batch/v2alpha1,Apache-2.0
k8s.io/api,k8s.io/api/certificates/v1,Apache-2.0
k8s.io/api,k8s.io/api/certificates/v1beta1,Apache-2.0
k8s.io/api,k8s.io/api/coordination/v1,Apache-2.0
k8s.io/api,k8s.io/api/coordination/v1beta1,Apache-2.0
k8s.io/api,k8s.io/api/core/v1,Apache-2.0
k8s.io/api,k8s.io/api/discovery/v1alpha1,Apache-2.0
k8s.io/api,k8s.io/api/discovery/v1beta1,Apache-2.0
k8s.io/api,k8s.io/api/events/v1,Apache-2.0
k8s.io/api,k8s.io/api/events/v1beta1,Apache-2.0
k8s.io/api,k8s.io/api/extensions/v1beta1,Apache-2.0
k8s.io/api,k8s.io/api/flowcontrol/v1alpha1,Apache-2.0
k8s.io/api,k8s.io/api/flowcontrol/v1beta1,Apache-2.0
k8s.io/api,k8s.io/api/networking/v1,Apache-2.0
k8s.io/api,k8s.io/api/networking/v1beta1,Apache-2.0
k8s.io/api,k8s.io/api/node/v1,Apache-2.0
k8s.io/api,k8s.io/api/node/v1alpha1,Apache-2.0
k8s.io/api,k8s.io/api/node/v1beta1,Apache-2.0
k8s.io/api,k8s.io/api/policy/v1beta1,Apache-2.0
k8s.io/api,k8s.io/api/rbac/v1,Apache-2.0
k8s.io/api,k8s.io/api/rbac/v1alpha1,Apache-2.0
k8s.io/api,k8s.io/api/rbac/v1beta1,Apache-2.0
k8s.io/api,k8s.io/api/scheduling/v1,Apache-2.0
k8s.io/api,k8s.io/api/scheduling/v1alpha1,Apache-2.0
k8s.io/api,k8s.io/api/scheduling/v1beta1,Apache-2.0
k8s.io/api,k8s.io/api/storage/v1,Apache-2.0
k8s.io/api,k8s.io/api/storage/v1alpha1,Apache-2.0
k8s.io/api,k8s.io/api/storage/v1beta1,Apache-2.0
k8s.io/apiextensions-apiserver,k8s.io/apiextensions-apiserver/pkg/apis/apiextensions,Apache-2.0
k8s.io/apiextensions-apiserver,k8s.io/apiextensions-apiserver/pkg/apis/apiextensions/v1,Apache-2.0
k8s.io/apiextensions-apiserver,k8s.io/apiextensions-apiserver/pkg/apis/apiextensions/v1beta1,Apache-2.0
k8s.io/apiextensions-apiserver,k8s.io/apiextensions-apiserver/pkg/client/clientset/clientset,Apache-2.0
k8s.io/apiextensions-apiserver,k8s.io/apiextensions-apiserver/pkg/client/clientset/clientset/scheme,Apache-2.0
k8s.io/apiextensions-apiserver,k8s.io/apiextensions-apiserver/pkg/client/clientset/clientset/typed/apiextensions/v1,Apache-2.0
k8s.io/apiextensions-apiserver,k8s.io/apiextensions-apiserver/pkg/client/clientset/clientset/typed/apiextensions/v1beta1,Apache-2.0
k8s.io/apimachinery,k8s.io/apimachinery/pkg/api/equality,Apache-2.0
k8s.io/apimachinery,k8s.io/apimachinery/pkg/api/errors,Apache-2.0
k8s.io/apimachinery,k8s.io/apimachinery/pkg/api/meta,Apache-2.0
k8s.io/apimachinery,k8s.io/apimachinery/pkg/api/resource,Apache-2.0
k8s.io/apimachinery,k8s.io/apimachinery/pkg/apis/meta/internalversion,Apache-2.0
k8s.io/apimachinery,k8s.io/apimachinery/pkg/apis/meta/internalversion/scheme,Apache-2.0
k8s.io/apimachinery,k8s.io/apimachinery/pkg/apis/meta/v1,Apache-2.0
k8s.io/apimachinery,k8s.io/apimachinery/pkg/apis/meta/v1/unstructured,Apache-2.0
k8s.io/apimachinery,k8s.io/apimachinery/pkg/apis/meta/v1beta1,Apache-2.0
k8s.io/apimachinery,k8s.io/apimachinery/pkg/conversion,Apache-2.0
k8s.io/apimachinery,k8s.io/apimachinery/pkg/conversion/queryparams,Apache-2.0
k8s.io/apimachinery,k8s.io/apimachinery/pkg/fields,Apache-2.0
k8s.io/apimachinery,k8s.io/apimachinery/pkg/labels,Apache-2.0
k8s.io/apimachinery,k8s.io/apimachinery/pkg/runtime,Apache-2.0
k8s.io/apimachinery,k8s.io/apimachinery/pkg/runtime/schema,Apache-2.0
k8s.io/apimachinery,k8s.io/apimachinery/pkg/runtime/serializer,Apache-2.0
k8s.io/apimachinery,k8s.io/apimachinery/pkg/runtime/serializer/json,Apache-2.0
k8s.io/apimachinery,k8s.io/apimachinery/pkg/runtime/serializer/protobuf,Apache-2.0
k8s.io/apimachinery,k8s.io/apimachinery/pkg/runtime/serializer/recognizer,Apache-2.0
k8s.io/apimachinery,k8s.io/apimachinery/pkg/runtime/serializer/streaming,Apache-2.0
k8s.io/apimachinery,k8s.io/apimachinery/pkg/runtime/serializer/versioning,Apache-2.0
k8s.io/apimachinery,k8s.io/apimachinery/pkg/selection,Apache-2.0
k8s.io/apimachinery,k8s.io/apimachinery/pkg/types,Apache-2.0
k8s.io/apimachinery,k8s.io/apimachinery/pkg/util/cache,Apache-2.0
k8s.io/apimachinery,k8s.io/apimachinery/pkg/util/clock,Apache-2.0
k8s.io/apimachinery,k8s.io/apimachinery/pkg/util/diff,Apache-2.0
k8s.io/apimachinery,k8s.io/apimachinery/pkg/util/errors,Apache-2.0
k8s.io/apimachinery,k8s.io/apimachinery/pkg/util/framer,Apache-2.0
k8s.io/apimachinery,k8s.io/apimachinery/pkg/util/intstr,Apache-2.0
k8s.io/apimachinery,k8s.io/apimachinery/pkg/util/json,Apache-2.0
k8s.io/apimachinery,k8s.io/apimachinery/pkg/util/mergepatch,Apache-2.0
k8s.io/apimachinery,k8s.io/apimachinery/pkg/util/naming,Apache-2.0
k8s.io/apimachinery,k8s.io/apimachinery/pkg/util/net,Apache-2.0
k8s.io/apimachinery,k8s.io/apimachinery/pkg/util/runtime,Apache-2.0
k8s.io/apimachinery,k8s.io/apimachinery/pkg/util/sets,Apache-2.0
k8s.io/apimachinery,k8s.io/apimachinery/pkg/util/strategicpatch,Apache-2.0
k8s.io/apimachinery,k8s.io/apimachinery/pkg/util/uuid,Apache-2.0
k8s.io/apimachinery,k8s.io/apimachinery/pkg/util/validation,Apache-2.0
k8s.io/apimachinery,k8s.io/apimachinery/pkg/util/validation/field,Apache-2.0
k8s.io/apimachinery,k8s.io/apimachinery/pkg/util/wait,Apache-2.0
k8s.io/apimachinery,k8s.io/apimachinery/pkg/util/yaml,Apache-2.0
k8s.io/apimachinery,k8s.io/apimachinery/pkg/version,Apache-2.0
k8s.io/apimachinery,k8s.io/apimachinery/pkg/watch,Apache-2.0
k8s.io/apimachinery,k8s.io/apimachinery/third_party/forked/golang/json,Apache-2.0
k8s.io/apimachinery,k8s.io/apimachinery/third_party/forked/golang/reflect,Apache-2.0
k8s.io/client-go,k8s.io/client-go/discovery,Apache-2.0
k8s.io/client-go,k8s.io/client-go/discovery/fake,Apache-2.0
k8s.io/client-go,k8s.io/client-go/dynamic,Apache-2.0
k8s.io/client-go,k8s.io/client-go/kubernetes,Apache-2.0
k8s.io/client-go,k8s.io/client-go/kubernetes/fake,Apache-2.0
k8s.io/client-go,k8s.io/client-go/kubernetes/scheme,Apache-2.0
k8s.io/client-go,k8s.io/client-go/kubernetes/typed/admissionregistration/v1,Apache-2.0
k8s.io/client-go,k8s.io/client-go/kubernetes/typed/admissionregistration/v1/fake,Apache-2.0
k8s.io/client-go,k8s.io/client-go/kubernetes/typed/admissionregistration/v1beta1,Apache-2.0
k8s.io/client-go,k8s.io/client-go/kubernetes/typed/admissionregistration/v1beta1/fake,Apache-2.0
k8s.io/client-go,k8s.io/client-go/kubernetes/typed/apiserverinternal/v1alpha1,Apache-2.0
k8s.io/client-go,k8s.io/client-go/kubernetes/typed/apiserverinternal/v1alpha1/fake,Apache-2.0
k8s.io/client-go,k8s.io/client-go/kubernetes/typed/apps/v1,Apache-2.0
k8s.io/client-go,k8s.io/client-go/kubernetes/typed/apps/v1/fake,Apache-2.0
k8s.io/client-go,k8s.io/client-go/kubernetes/typed/apps/v1beta1,Apache-2.0
k8s.io/client-go,k8s.io/client-go/kubernetes/typed/apps/v1beta1/fake,Apache-2.0
k8s.io/client-go,k8s.io/client-go/kubernetes/typed/apps/v1beta2,Apache-2.0
k8s.io/client-go,k8s.io/client-go/kubernetes/typed/apps/v1beta2/fake,Apache-2.0
k8s.io/client-go,k8s.io/client-go/kubernetes/typed/authentication/v1,Apache-2.0
k8s.io/client-go,k8s.io/client-go/kubernetes/typed/authentication/v1/fake,Apache-2.0
k8s.io/client-go,k8s.io/client-go/kubernetes/typed/authentication/v1beta1,Apache-2.0
k8s.io/client-go,k8s.io/client-go/kubernetes/typed/authentication/v1beta1/fake,Apache-2.0
k8s.io/client-go,k8s.io/client-go/kubernetes/typed/authorization/v1,Apache-2.0
k8s.io/client-go,k8s.io/client-go/kubernetes/typed/authorization/v1/fake,Apache-2.0
k8s.io/client-go,k8s.io/client-go/kubernetes/typed/authorization/v1beta1,Apache-2.0
k8s.io/client-go,k8s.io/client-go/kubernetes/typed/authorization/v1beta1/fake,Apache-2.0
k8s.io/client-go,k8s.io/client-go/kubernetes/typed/autoscaling/v1,Apache-2.0
k8s.io/client-go,k8s.io/client-go/kubernetes/typed/autoscaling/v1/fake,Apache-2.0
k8s.io/client-go,k8s.io/client-go/kubernetes/typed/autoscaling/v2beta1,Apache-2.0
k8s.io/client-go,k8s.io/client-go/kubernetes/typed/autoscaling/v2beta1/fake,Apache-2.0
k8s.io/client-go,k8s.io/client-go/kubernetes/typed/autoscaling/v2beta2,Apache-2.0
k8s.io/client-go,k8s.io/client-go/kubernetes/typed/autoscaling/v2beta2/fake,Apache-2.0
k8s.io/client-go,k8s.io/client-go/kubernetes/typed/batch/v1,Apache-2.0
k8s.io/client-go,k8s.io/client-go/kubernetes/typed/batch/v1/fake,Apache-2.0
k8s.io/client-go,k8s.io/client-go/kubernetes/typed/batch/v1beta1,Apache-2.0
k8s.io/client-go,k8s.io/client-go/kubernetes/typed/batch/v1beta1/fake,Apache-2.0
k8s.io/client-go,k8s.io/client-go/kubernetes/typed/batch/v2alpha1,Apache-2.0
k8s.io/client-go,k8s.io/client-go/kubernetes/typed/batch/v2alpha1/fake,Apache-2.0
k8s.io/client-go,k8s.io/client-go/kubernetes/typed/certificates/v1,Apache-2.0
k8s.io/client-go,k8s.io/client-go/kubernetes/typed/certificates/v1/fake,Apache-2.0
k8s.io/client-go,k8s.io/client-go/kubernetes/typed/certificates/v1beta1,Apache-2.0
k8s.io/client-go,k8s.io/client-go/kubernetes/typed/certificates/v1beta1/fake,Apache-2.0
k8s.io/client-go,k8s.io/client-go/kubernetes/typed/coordination/v1,Apache-2.0
k8s.io/client-go,k8s.io/client-go/kubernetes/typed/coordination/v1/fake,Apache-2.0
k8s.io/client-go,k8s.io/client-go/kubernetes/typed/coordination/v1beta1,Apache-2.0
k8s.io/client-go,k8s.io/client-go/kubernetes/typed/coordination/v1beta1/fake,Apache-2.0
k8s.io/client-go,k8s.io/client-go/kubernetes/typed/core/v1,Apache-2.0
k8s.io/client-go,k8s.io/client-go/kubernetes/typed/core/v1/fake,Apache-2.0
k8s.io/client-go,k8s.io/client-go/kubernetes/typed/discovery/v1alpha1,Apache-2.0
k8s.io/client-go,k8s.io/client-go/kubernetes/typed/discovery/v1alpha1/fake,Apache-2.0
k8s.io/client-go,k8s.io/client-go/kubernetes/typed/discovery/v1beta1,Apache-2.0
k8s.io/client-go,k8s.io/client-go/kubernetes/typed/discovery/v1beta1/fake,Apache-2.0
k8s.io/client-go,k8s.io/client-go/kubernetes/typed/events/v1,Apache-2.0
k8s.io/client-go,k8s.io/client-go/kubernetes/typed/events/v1/fake,Apache-2.0
k8s.io/client-go,k8s.io/client-go/kubernetes/typed/events/v1beta1,Apache-2.0
k8s.io/client-go,k8s.io/client-go/kubernetes/typed/events/v1beta1/fake,Apache-2.0
k8s.io/client-go,k8s.io/client-go/kubernetes/typed/extensions/v1beta1,Apache-2.0
k8s.io/client-go,k8s.io/client-go/kubernetes/typed/extensions/v1beta1/fake,Apache-2.0
k8s.io/client-go,k8s.io/client-go/kubernetes/typed/flowcontrol/v1alpha1,Apache-2.0
k8s.io/client-go,k8s.io/client-go/kubernetes/typed/flowcontrol/v1alpha1/fake,Apache-2.0
k8s.io/client-go,k8s.io/client-go/kubernetes/typed/flowcontrol/v1beta1,Apache-2.0
k8s.io/client-go,k8s.io/client-go/kubernetes/typed/flowcontrol/v1beta1/fake,Apache-2.0
k8s.io/client-go,k8s.io/client-go/kubernetes/typed/networking/v1,Apache-2.0
k8s.io/client-go,k8s.io/client-go/kubernetes/typed/networking/v1/fake,Apache-2.0
k8s.io/client-go,k8s.io/client-go/kubernetes/typed/networking/v1beta1,Apache-2.0
k8s.io/client-go,k8s.io/client-go/kubernetes/typed/networking/v1beta1/fake,Apache-2.0
k8s.io/client-go,k8s.io/client-go/kubernetes/typed/node/v1,Apache-2.0
k8s.io/client-go,k8s.io/client-go/kubernetes/typed/node/v1/fake,Apache-2.0
k8s.io/client-go,k8s.io/client-go/kubernetes/typed/node/v1alpha1,Apache-2.0
k8s.io/client-go,k8s.io/client-go/kubernetes/typed/node/v1alpha1/fake,Apache-2.0
k8s.io/client-go,k8s.io/client-go/kubernetes/typed/node/v1beta1,Apache-2.0
k8s.io/client-go,k8s.io/client-go/kubernetes/typed/node/v1beta1/fake,Apache-2.0
k8s.io/client-go,k8s.io/client-go/kubernetes/typed/policy/v1beta1,Apache-2.0
k8s.io/client-go,k8s.io/client-go/kubernetes/typed/policy/v1beta1/fake,Apache-2.0
k8s.io/client-go,k8s.io/client-go/kubernetes/typed/rbac/v1,Apache-2.0
k8s.io/client-go,k8s.io/client-go/kubernetes/typed/rbac/v1/fake,Apache-2.0
k8s.io/client-go,k8s.io/client-go/kubernetes/typed/rbac/v1alpha1,Apache-2.0
k8s.io/client-go,k8s.io/client-go/kubernetes/typed/rbac/v1alpha1/fake,Apache-2.0
k8s.io/client-go,k8s.io/client-go/kubernetes/typed/rbac/v1beta1,Apache-2.0
k8s.io/client-go,k8s.io/client-go/kubernetes/typed/rbac/v1beta1/fake,Apache-2.0
k8s.io/client-go,k8s.io/client-go/kubernetes/typed/scheduling/v1,Apache-2.0
k8s.io/client-go,k8s.io/client-go/kubernetes/typed/scheduling/v1/fake,Apache-2.0
k8s.io/client-go,k8s.io/client-go/kubernetes/typed/scheduling/v1alpha1,Apache-2.0
k8s.io/client-go,k8s.io/client-go/kubernetes/typed/scheduling/v1alpha1/fake,Apache-2.0
k8s.io/client-go,k8s.io/client-go/kubernetes/typed/scheduling/v1beta1,Apache-2.0
k8s.io/client-go,k8s.io/client-go/kubernetes/typed/scheduling/v1beta1/fake,Apache-2.0
k8s.io/client-go,k8s.io/client-go/kubernetes/typed/storage/v1,Apache-2.0
k8s.io/client-go,k8s.io/client-go/kubernetes/typed/storage/v1/fake,Apache-2.0
k8s.io/client-go,k8s.io/client-go/kubernetes/typed/storage/v1alpha1,Apache-2.0
k8s.io/client-go,k8s.io/client-go/kubernetes/typed/storage/v1alpha1/fake,Apache-2.0
k8s.io/client-go,k8s.io/client-go/kubernetes/typed/storage/v1beta1,Apache-2.0
k8s.io/client-go,k8s.io/client-go/kubernetes/typed/storage/v1beta1/fake,Apache-2.0
k8s.io/client-go,k8s.io/client-go/metadata,Apache-2.0
k8s.io/client-go,k8s.io/client-go/pkg/apis/clientauthentication,Apache-2.0
k8s.io/client-go,k8s.io/client-go/pkg/apis/clientauthentication/v1alpha1,Apache-2.0
k8s.io/client-go,k8s.io/client-go/pkg/apis/clientauthentication/v1beta1,Apache-2.0
k8s.io/client-go,k8s.io/client-go/pkg/version,Apache-2.0
k8s.io/client-go,k8s.io/client-go/plugin/pkg/client/auth/exec,Apache-2.0
k8s.io/client-go,k8s.io/client-go/plugin/pkg/client/auth/gcp,Apache-2.0
k8s.io/client-go,k8s.io/client-go/rest,Apache-2.0
k8s.io/client-go,k8s.io/client-go/rest/fake,Apache-2.0
k8s.io/client-go,k8s.io/client-go/rest/watch,Apache-2.0
k8s.io/client-go,k8s.io/client-go/restmapper,Apache-2.0
k8s.io/client-go,k8s.io/client-go/testing,Apache-2.0
k8s.io/client-go,k8s.io/client-go/third_party/forked/golang/template,Apache-2.0
k8s.io/client-go,k8s.io/client-go/tools/auth,Apache-2.0
k8s.io/client-go,k8s.io/client-go/tools/cache,Apache-2.0
k8s.io/client-go,k8s.io/client-go/tools/clientcmd,Apache-2.0
k8s.io/client-go,k8s.io/client-go/tools/clientcmd/api,Apache-2.0
k8s.io/client-go,k8s.io/client-go/tools/clientcmd/api/latest,Apache-2.0
k8s.io/client-go,k8s.io/client-go/tools/clientcmd/api/v1,Apache-2.0
k8s.io/client-go,k8s.io/client-go/tools/leaderelection,Apache-2.0
k8s.io/client-go,k8s.io/client-go/tools/leaderelection/resourcelock,Apache-2.0
k8s.io/client-go,k8s.io/client-go/tools/metrics,Apache-2.0
k8s.io/client-go,k8s.io/client-go/tools/pager,Apache-2.0
k8s.io/client-go,k8s.io/client-go/tools/record,Apache-2.0
k8s.io/client-go,k8s.io/client-go/tools/record/util,Apache-2.0
k8s.io/client-go,k8s.io/client-go/tools/reference,Apache-2.0
k8s.io/client-go,k8s.io/client-go/transport,Apache-2.0
k8s.io/client-go,k8s.io/client-go/util/cert,Apache-2.0
k8s.io/client-go,k8s.io/client-go/util/connrotation,Apache-2.0
k8s.io/client-go,k8s.io/client-go/util/flowcontrol,Apache-2.0
k8s.io/client-go,k8s.io/client-go/util/homedir,Apache-2.0
k8s.io/client-go,k8s.io/client-go/util/jsonpath,Apache-2.0
k8s.io/client-go,k8s.io/client-go/util/keyutil,Apache-2.0
k8s.io/client-go,k8s.io/client-go/util/workqueue,Apache-2.0
k8s.io/component-base,k8s.io/component-base/config,Apache-2.0
k8s.io/component-base,k8s.io/component-base/config/v1alpha1,Apache-2.0
k8s.io/klog/v2,k8s.io/klog/v2,Apache-2.0
k8s.io/kube-openapi,k8s.io/kube-openapi/pkg/util/proto,Apache-2.0
k8s.io/kubernetes,k8s.io/kubernetes/pkg/kubelet/cm/cpuset,Apache-2.0
k8s.io/utils,k8s.io/utils/buffer,Apache-2.0
k8s.io/utils,k8s.io/utils/integer,Apache-2.0
k8s.io/utils,k8s.io/utils/pointer,Apache-2.0
k8s.io/utils,k8s.io/utils/trace,Apache-2.0
sigs.k8s.io/controller-runtime,sigs.k8s.io/controller-runtime,Apache-2.0
sigs.k8s.io/controller-runtime,sigs.k8s.io/controller-runtime/pkg/builder,Apache-2.0
sigs.k8s.io/controller-runtime,sigs.k8s.io/controller-runtime/pkg/cache,Apache-2.0
sigs.k8s.io/controller-runtime,sigs.k8s.io/controller-runtime/pkg/cache/internal,Apache-2.0
sigs.k8s.io/controller-runtime,sigs.k8s.io/controller-runtime/pkg/client,Apache-2.0
sigs.k8s.io/controller-runtime,sigs.k8s.io/controller-runtime/pkg/client/apiutil,Apache-2.0
sigs.k8s.io/controller-runtime,sigs.k8s.io/controller-runtime/pkg/client/config,Apache-2.0
sigs.k8s.io/controller-runtime,sigs.k8s.io/controller-runtime/pkg/cluster,Apache-2.0
sigs.k8s.io/controller-runtime,sigs.k8s.io/controller-runtime/pkg/config,Apache-2.0
sigs.k8s.io/controller-runtime,sigs.k8s.io/controller-runtime/pkg/config/v1alpha1,Apache-2.0
sigs.k8s.io/controller-runtime,sigs.k8s.io/controller-runtime/pkg/controller,Apache-2.0
sigs.k8s.io/controller-runtime,sigs.k8s.io/controller-runtime/pkg/controller/controllerutil,Apache-2.0
sigs.k8s.io/controller-runtime,sigs.k8s.io/controller-runtime/pkg/conversion,Apache-2.0
sigs.k8s.io/controller-runtime,sigs.k8s.io/controller-runtime/pkg/envtest,Apache-2.0
sigs.k8s.io/controller-runtime,sigs.k8s.io/controller-runtime/pkg/event,Apache-2.0
sigs.k8s.io/controller-runtime,sigs.k8s.io/controller-runtime/pkg/handler,Apache-2.0
sigs.k8s.io/controller-runtime,sigs.k8s.io/controller-runtime/pkg/healthz,Apache-2.0
sigs.k8s.io/controller-runtime,sigs.k8s.io/controller-runtime/pkg/internal/controller,Apache-2.0
sigs.k8s.io/controller-runtime,sigs.k8s.io/controller-runtime/pkg/internal/controller/metrics,Apache-2.0
sigs.k8s.io/controller-runtime,sigs.k8s.io/controller-runtime/pkg/internal/log,Apache-2.0
sigs.k8s.io/controller-runtime,sigs.k8s.io/controller-runtime/pkg/internal/recorder,Apache-2.0
sigs.k8s.io/controller-runtime,sigs.k8s.io/controller-runtime/pkg/internal/testing/integration,Apache-2.0
sigs.k8s.io/controller-runtime,sigs.k8s.io/controller-runtime/pkg/internal/testing/integration/addr,Apache-2.0
sigs.k8s.io/controller-runtime,sigs.k8s.io/controller-runtime/pkg/internal/testing/integration/internal,Apache-2.0
sigs.k8s.io/controller-runtime,sigs.k8s.io/controller-runtime/pkg/leaderelection,Apache-2.0
sigs.k8s.io/controller-runtime,sigs.k8s.io/controller-runtime/pkg/log,Apache-2.0
sigs.k8s.io/controller-runtime,sigs.k8s.io/controller-runtime/pkg/manager,Apache-2.0
sigs.k8s.io/controller-runtime,sigs.k8s.io/controller-runtime/pkg/manager/signals,Apache-2.0
sigs.k8s.io/controller-runtime,sigs.k8s.io/controller-runtime/pkg/metrics,Apache-2.0
sigs.k8s.io/controller-runtime,sigs.k8s.io/controller-runtime/pkg/predicate,Apache-2.0
sigs.k8s.io/controller-runtime,sigs.k8s.io/controller-runtime/pkg/ratelimiter,Apache-2.0
sigs.k8s.io/controller-runtime,sigs.k8s.io/controller-runtime/pkg/reconcile,Apache-2.0
sigs.k8s.io/controller-runtime,sigs.k8s.io/controller-runtime/pkg/recorder,Apache-2.0
sigs.k8s.io/controller-runtime,sigs.k8s.io/controller-runtime/pkg/runtime/inject,Apache-2.0
sigs.k8s.io/controller-runtime,sigs.k8s.io/controller-runtime/pkg/scheme,Apache-2.0
sigs.k8s.io/controller-runtime,sigs.k8s.io/controller-runtime/pkg/source,Apache-2.0
sigs.k8s.io/controller-runtime,sigs.k8s.io/controller-runtime/pkg/source/internal,Apache-2.0
sigs.k8s.io/controller-runtime,sigs.k8s.io/controller-runtime/pkg/webhook,Apache-2.0
sigs.k8s.io/controller-runtime,sigs.k8s.io/controller-runtime/pkg/webhook/admission,Apache-2.0
sigs.k8s.io/controller-runtime,sigs.k8s.io/controller-runtime/pkg/webhook/conversion,Apache-2.0
sigs.k8s.io/controller-runtime,sigs.k8s.io/controller-runtime/pkg/webhook/internal/certwatcher,Apache-2.0
sigs.k8s.io/controller-runtime,sigs.k8s.io/controller-runtime/pkg/webhook/internal/metrics,Apache-2.0
sigs.k8s.io/controller-tools,sigs.k8s.io/controller-tools/pkg/loader,Apache-2.0
sigs.k8s.io/controller-tools,sigs.k8s.io/controller-tools/pkg/markers,Apache-2.0
sigs.k8s.io/structured-merge-diff/v4,sigs.k8s.io/structured-merge-diff/v4/value,Apache-2.0
sigs.k8s.io/yaml,sigs.k8s.io/yaml,MIT
